video_id,title,description,channel_id,channel_title,published_at,view_count,like_count,dislike_count,comment_count,live_status,actual_start_time,scheduled_start_time,concurrent_viewers
pK_tzOO84j0,Aaj Ki Taaza Khabar Live: Top 100 News Today | PM Modi | Breaking News | Top News| Headlines|,"Aaj Ki Taaza Khabar Live: Top 100 News Today | PM Modi | Breaking News | Morning Headlines|
#breakingnews #top100 #loksabhaelection2024 #livenews 


About Channel:

ज़ी न्यूज़ देश का सबसे भरोसेमंद हिंदी न्यूज़ चैनल है। जो 24 घंटे लगातार भारत और दुनिया से जुड़ी हर ब्रेकिंग न्यूज़, नवीनतम समाचार, राजनीति, मनोरंजन और खेल से जुड़ी खबरे आपके लिए लेकर आता है। इसलिए बने रहें ज़ी न्यूज़ के साथ और सब्सक्राइब करें | 

Zee News is India's most trusted Hindi News Channel with 24 hour coverage. Zee News covers Breaking news, Latest news, Politics, Entertainment and Sports from India & World.
-------------------------------------------------------------------------------------------------------------
You can also visit our website at: http://zeenews.india.com/hindi

Download our mobile app:  https://bit.ly/ZeeNewsApps

अब दिन की हर बड़ी ख़बर से रहें अपडेट, फॉलो करें ZEE News का WhatsApp चैनल: https://bit.ly/3ESf64y

Subscribe to our Youtube channel: https://www.youtube.com/c/zeenews/

Watch Live TV : https://youtube.com/live/TPcmrPrygDc

Like us on Facebook: https://www.facebook.com/ZeeNews/

Follow us on Instagram: https://www.instagram.com/zeenews/?hl=en

Get latest updates on Telegram: https://t.me/s/zeenewshindi1",UCIvaYmXn910QMdemBG3v1pQ,Zee News,2024-06-03T00:03:20Z,52645,3786,0,0,live,2024-06-03T00:31:23Z,2024-06-03T00:05:00Z,27559
